id,kind,scope,name_use_site,rva_1_6_1170,rva_1_7_104,confidence,method,evidence,crosscheck,final_state,final_evidence,category
67618,id,fork,RELOCATION_ID include/RE/Offsets.h:148,0xCAF4E0,0xCC9660,UNIQUE-SIG,sig:L1-body,"masked-byte head region (51 B, 43 fixed, 18 insn) hits exactly once in 1.7.104 .text (at 0xCC9660) and exactly once in 1.6.1170 .text; callees 1/1 ordered; rev-callees 1/1; callers 1/1; identical-caller sites 1 agree; neighbour-delta hint +0 B (hint only)",pass,MAPPED,,functions
52692,id,fork,RELOCATION_ID include/RE/T/TutorialMenu.h:36,0x96FE40,0x987240,UNIQUE-SIG,sig:prefix,first-10-instruction masked prefix unique in AE and 1.7; size 325 vs 331; callees 4/4 ordered; rev-callees 4/4; callers 1/1; identical-caller sites 1 agree; neighbour-delta hint -16 B (hint only),pass,MAPPED,,functions
22791,id,fork,RELOCATION_ID include/RE/T/TESFullName.h:27,0x3676B0,0x36DD20,XREF,xref:identical-caller,"3 caller(s) whose masked bytes are identical in both images (0x356FD0->0x35D630 call@+0x7F, 0x357080->0x35D6E0 call@+0x8B, 0x357080->0x35D6E0 call@+0xC8) make the call at the same offset, to 0x36DD20; no conflicting caller; size 84 vs 84; callees 1/1 ordered; rev-callees 1/1; callers 3/3; identical-caller sites 3 agree; neighbour-delta hint +0 B (hint only)",pass,MAPPED,,functions
69979,id,fork,RELOCATION_ID include/RE/I/ID.h:15,0xD0F780,0xED4140,UNIQUE-SIG,sig:L1-body,"masked-byte head region (81 B, 73 fixed, 104 insn, function has 5 split regions) hits exactly once in 1.7.104 .text (at 0xED4140) and exactly once in 1.6.1170 .text; callees 2/2 ordered; rev-callees 2/2; callers 2/2; identical-caller sites 2 agree; neighbour-delta hint +0 B (hint only)",pass,MAPPED,,functions
51621,id,fork,RELOCATION_ID include/RE/H/SendHUDMessage.h:10,0x91EDB0,0x9350A0,XREF,xref:identical-caller,"23 caller(s) whose masked bytes are identical in both images (0x65D2B0->0x66FCA0 call@+0x13D, 0x65D410->0x66FE00 call@+0x159, 0x7F1080->0x805D50 call@+0x396, 0x8DE1A0->0x8F3CD0 call@+0x64) make the call at the same offset, to 0x9350A0; no conflicting caller; size 7 vs 7; callees 1/1 ordered; rev-callees 1/1; callers 23/23; identical-caller sites 23 agree; neighbour-delta hint +0 B (hint only)",pass,MAPPED,,functions
51620,id,fork,RELOCATION_ID include/RE/H/SendHUDMessage.h:17,0x91EDA0,0x935090,XREF,xref:identical-caller,"25 caller(s) whose masked bytes are identical in both images (0x7B7FB0->0x7CCAC0 call@+0x13E, 0x7F1080->0x805D50 call@+0x18A, 0x8DDC50->0x8F3770 call@+0x57, 0x8DE060->0x8F3B90 call@+0xA0) make the call at the same offset, to 0x935090; no conflicting caller; size 7 vs 7; callees 1/1 ordered; rev-callees 1/1; callers 25/25; identical-caller sites 25 agree; neighbour-delta hint +0 B (hint only)",pass,MAPPED,,functions
52845,id,fork,RELOCATION_ID include/RE/H/HUDMenu.h:115,0x9767C0,0x98DBE0,UNIQUE-SIG,sig:L1-body,"masked-byte head region (155 B, 127 fixed, 35 insn) hits exactly once in 1.7.104 .text (at 0x98DBE0) and exactly once in 1.6.1170 .text; callees 1/1 ordered; rev-callees 1/1; callers 4/4; identical-caller sites 4 agree; neighbour-delta hint +0 B (hint only)",pass,MAPPED,,functions
410196,id,fork,RELOCATION_ID include/RE/B/BSTimer.h:10,0x31CC270,0x32755F0,XREF,xref:global,"12 mapped referencing function(s) (12 by identical bytes, 0 by ordinal in identical instruction shape or by a unique local code window; largest 123 insn) read the corresponding rip-relative operand and all agree on 0x32755F0; section .data kept; AE has 27 referencing sites",pass,MAPPED,,globals/data
388442,id,fork,RELOCATION_ID include/RE/B/BSTimer.h:16,0x20294F8,0x20CCAC8,XREF,xref:global,"12 mapped referencing function(s) (12 by identical bytes, 0 by ordinal in identical instruction shape or by a unique local code window; largest 1119 insn) read the corresponding rip-relative operand and all agree on 0x20CCAC8; section .data kept; AE has 14 referencing sites",pass,MAPPED,,globals/data
68245,id,fork,RELOCATION_ID include/RE/B/BSTimer.h:29,0xCC97E0,0xCE3970,UNIQUE-SIG,sig:L1-body,"masked-byte head region (76 B, 60 fixed, 18 insn) hits exactly once in 1.7.104 .text (at 0xCE3970) and exactly once in 1.6.1170 .text; callees 0/0 ordered; rev-callees 0/0; callers 14/14; identical-caller sites 14 agree; neighbour-delta hint +0 B (hint only)",pass,MAPPED,,functions
390951,id,fork,RELOCATION_ID include/RE/B/BSShaderManager.h:32,0x2033060,0x20D68B0,XREF,xref:global,"12 mapped referencing function(s) (12 by identical bytes, 0 by ordinal in identical instruction shape or by a unique local code window; largest 566 insn) read the corresponding rip-relative operand and all agree on 0x20D68B0; section .data kept; AE has 233 referencing sites",pass,MAPPED,,globals/data
84469,id,fork,RELOCATION_ID include/RE/B/BSScaleformImageLoader.h:36,0xFB3320,0x1172F90,XREF,xref:identical-caller,"3 caller(s) whose masked bytes are identical in both images (0xFAF5E0->0x116F4F0 call@+0x5C, 0xFAF660->0x116F570 call@+0x29, 0xFAF6B0->0x116F5C0 call@+0x39) make the call at the same offset, to 0x1172F90; no conflicting caller; size 1141 vs 1173; callees 13/13 ordered; rev-callees 13/13; callers 3/3; identical-caller sites 3 agree; neighbour-delta hint -32 B (hint only)",pass,MAPPED,,functions
84470,id,fork,RELOCATION_ID include/RE/B/BSScaleformImageLoader.h:43,0xFB37A0,0x1173430,UNIQUE-SIG,sig:L1-body,"masked-byte head region (215 B, 183 fixed, 57 insn) hits exactly once in 1.7.104 .text (at 0x1173430) and exactly once in 1.6.1170 .text; callees 4/4 ordered; rev-callees 4/4; callers 1/1; identical-caller sites 1 agree; neighbour-delta hint +32 B (hint only)",pass,MAPPED,,functions
82321,id,fork,RELOCATION_ID include/RE/B/BSScaleformExternalTexture.h:30,0xFAF6B0,0x116F5C0,UNIQUE-SIG,sig:L1-body,"masked-byte head region (62 B, 46 fixed, 16 insn) hits exactly once in 1.7.104 .text (at 0x116F5C0) and exactly once in 1.6.1170 .text; callees 1/1 ordered; rev-callees 1/1; callers 1/1; identical-caller sites 1 agree; neighbour-delta hint +0 B (hint only)",pass,MAPPED,,functions
82317,id,fork,RELOCATION_ID include/RE/B/BSScaleformExternalTexture.h:37,,,UNRESOLVED,,id not in 1.6.1170 library,na,HARD,"tried: (1) present in Address Library 1.6.317,1.6.318,1.6.323,1.6.342,1.6.353,1.6.629,1.6.640,1.6.659, absent in 1.6.1130,1.6.1170,1.6.1179: a retired id, so there is no 1.6.1170 RVA to start the 1.6.1170->1.7.104 ladder from; (2) the fork SE column id is present in the 1.6.1170 library but maps to unrelated code (149 fork pairs with both ids present never share an RVA); (3) no RTTI, string or vtable tie names the function; (4) older libraries give 1.6.317-659 RVAs of binaries we do not hold. Fork use: not checked. Needs a replacement id for this function from the fork owner",functions/globals with no 1.6.1170 row
82318,id,fork,RELOCATION_ID include/RE/B/BSScaleformExternalTexture.h:44,0xFAF5E0,0x116F4F0,UNIQUE-SIG,sig:L1-body,"masked-byte head region (108 B, 96 fixed, 33 insn) hits exactly once in 1.7.104 .text (at 0x116F4F0) and exactly once in 1.6.1170 .text; callees 1/1 ordered; rev-callees 1/1; callers 6/6; identical-caller sites 6 agree; neighbour-delta hint +0 B (hint only)",pass,MAPPED,,functions
35577,id,fork,RELOCATION_ID include/RE/B/BGSSaveLoadGame.h:78,0x604400,0x616DC0,XREF,xref:identical-caller,"19 caller(s) whose masked bytes are identical in both images (0x1B6C10->0x1BC1C0 call@+0x9EE, 0x1D7C00->0x1DD2C0 call@+0x67, 0x1D8430->0x1DDAF0 call@+0xBF, 0x2DAC30->0x2E1180 call@+0x82) make the call at the same offset, to 0x616DC0; no conflicting caller; size 15 vs 15; callees 1/1 ordered; rev-callees 1/1; callers 19/19; identical-caller sites 19 agree; neighbour-delta hint +0 B (hint only)",pass,MAPPED,,functions
36053,id,fork,RELOCATION_ID include/RE/B/BGSSaveGameBuffer.h:25,0x627400,0x639F00,UNIQUE-SIG,sig:L1-body,"masked-byte head region (119 B, 107 fixed, 31 insn) hits exactly once in 1.7.104 .text (at 0x639F00) and exactly once in 1.6.1170 .text; callees 1/1 ordered; rev-callees 1/1; callers 12/12; identical-caller sites 146 agree; neighbour-delta hint +0 B (hint only)",pass,MAPPED,,functions
35927,id,fork,RELOCATION_ID include/RE/B/BGSNumericIDIndex.h:22,0x6201F0,0x632CC0,UNIQUE-SIG,sig:L1-body,"masked-byte head region (74 B, 66 fixed, 19 insn) hits exactly once in 1.7.104 .text (at 0x632CC0) and exactly once in 1.6.1170 .text; callees 1/1 ordered; rev-callees 1/1; callers 11/11; identical-caller sites 11 agree; neighbour-delta hint +0 B (hint only)",pass,MAPPED,,functions
35928,id,fork,RELOCATION_ID include/RE/B/BGSNumericIDIndex.h:28,0x620240,0x632D10,UNIQUE-SIG,sig:L1-body,"masked-byte head region (95 B, 87 fixed, 30 insn) hits exactly once in 1.7.104 .text (at 0x632D10) and exactly once in 1.6.1170 .text; callees 1/1 ordered; rev-callees 1/1; callers 8/8; identical-caller sites 8 agree; neighbour-delta hint +0 B (hint only)",pass,MAPPED,,functions
36005,id,fork,RELOCATION_ID include/RE/B/BGSLoadGameBuffer.h:19,0x625380,0x637E70,UNIQUE-SIG,sig:L1-body+block,"masked head region (51 B, 47 fixed) hits 2 times in both images (not unique); the two nearest L1-anchored functions on each side of this copy all moved by +76528 B (a block relocated intact) and exactly one 1.7 copy sits at that delta; neighbour-delta hint +0 B (hint only)",pass,MAPPED,,functions
407512,id,fork,RELOCATION_ID include/RE/A/AnimationFileManagerSingleton.h:55,0x31B2820,0x325BB90,XREF,xref:global,"12 mapped referencing function(s) (12 by identical bytes, 0 by ordinal in identical instruction shape or by a unique local code window; largest 413 insn) read the corresponding rip-relative operand and all agree on 0x325BB90; section .data kept; AE has 17 referencing sites",pass,MAPPED,,globals/data
19800,id,fork,RELOCATION_ID src/RE/T/TESObjectREFR.cpp:98,0x2EC2B0,0x2F2840,UNIQUE-SIG,sig:L1-body,"masked-byte head region (1317 B, 1029 fixed, 356 insn) hits exactly once in 1.7.104 .text (at 0x2F2840) and exactly once in 1.6.1170 .text; callees 22/22 ordered; rev-callees 22/22; callers 9/9; strings equal(1); identical-caller sites 9 agree; neighbour-delta hint +0 B (hint only)",pass,MAPPED,,functions
51140,id,fork,RELOCATION_ID src/RE/T/TESObjectREFR.cpp:805,0x8FBFF0,0x911FB0,UNIQUE-SIG,sig:L1-body,"masked-byte head region (275 B, 203 fixed, 66 insn) hits exactly once in 1.7.104 .text (at 0x911FB0) and exactly once in 1.6.1170 .text; callees 2/2 ordered; rev-callees 2/2; callers 2/2; identical-caller sites 2 agree; neighbour-delta hint +0 B (hint only)",pass,MAPPED,,functions
14639,id,fork,RELOCATION_ID src/RE/T/TESForm.cpp:219,0x1E0A90,0x1E6150,UNIQUE-SIG,sig:L1-body+block,"masked head region (49 B, 49 fixed) hits 3 times in both images (not unique); the two nearest L1-anchored functions on each side of this copy all moved by +22208 B (a block relocated intact) and exactly one 1.7 copy sits at that delta; neighbour-delta hint +0 B (hint only)",pass,MAPPED,,functions
13693,id,fork,RELOCATION_ID src/RE/T/TESDataHandler.cpp:17,0x1B14C0,0x1B6A70,UNIQUE-SIG,sig:prefix,first-10-instruction masked prefix unique in AE and 1.7; size 1065 vs 1065; callees 7/7 ordered; rev-callees 7/7; callers 59/59; identical-caller sites 62 agree; neighbour-delta hint +0 B (hint only),pass,MAPPED,,functions
77226,id,fork,RELOCATION_ID src/RE/R/Renderer.cpp:30,0xE423E0,0x1007B70,UNIQUE-SIG,sig:L1-body,"masked-byte head region (2562 B, 1634 fixed, 512 insn) hits exactly once in 1.7.104 .text (at 0x1007B70) and exactly once in 1.6.1170 .text; callees 4/4 ordered; rev-callees 4/4; callers 0/0; strings equal(1); neighbour-delta hint +0 B (hint only)",pass,MAPPED,,functions
77245,id,fork,RELOCATION_ID src/RE/R/Renderer.cpp:37,0xE44590,0x1009D30,XREF,xref:identical-caller,"2 caller(s) whose masked bytes are identical in both images (0x643C00->0x6565B0 call@+0x47, 0x1195CA0->0x11B2050 call@+0x21C) make the call at the same offset, to 0x1009D30; no conflicting caller; size 474 vs 567; callees 4/4 ordered; rev-callees 4/4; callers 2/2; identical-caller sites 2 agree; neighbour-delta hint -96 B (hint only)",pass,MAPPED,,functions
77242,id,fork,RELOCATION_ID src/RE/R/Renderer.cpp:44,0xE44360,0x1009B00,UNIQUE-SIG,sig:L1-body(short),"masked-byte head region (19 B, 19 fixed, 126 insn, function has 3 split regions) hits exactly once in 1.7.104 .text (at 0x1009B00) and exactly once in 1.6.1170 .text (short body, accepted only because crosscheck passes); callees 1/1 ordered; rev-callees 1/1; callers 0/0; neighbour-delta hint +0 B (hint only)",pass,MAPPED,,functions
77246,id,fork,RELOCATION_ID src/RE/R/Renderer.cpp:51,0xE44770,0x1009F70,UNIQUE-SIG,sig:L1-body(short),"masked-byte head region (23 B, 15 fixed, 45 insn, function has 3 split regions) hits exactly once in 1.7.104 .text (at 0x1009F70) and exactly once in 1.6.1170 .text (short body, accepted only because crosscheck passes); callees 2/2 ordered; rev-callees 2/2; callers 2/2; identical-caller sites 2 agree; neighbour-delta hint +96 B (hint only)",pass,MAPPED,,functions
77237,id,fork,RELOCATION_ID src/RE/R/Renderer.cpp:58,0xE434A0,0x1008C40,UNIQUE-SIG,sig:L1-whole,"whole-function masked bytes (1815 B in 5 region(s), ~1219 fixed, 378 insn) are identical and occur once among the indexed functions of each image (0x1008C40); callees 0/0 ordered; rev-callees 0/0; callers 0/0; neighbour-delta hint +0 B (hint only)",na,MAPPED,,functions
77243,id,fork,RELOCATION_ID src/RE/R/Renderer.cpp:65,0xE44550,0x1009CF0,XREF,xref:identical-caller,"13 caller(s) whose masked bytes are identical in both images (0x1FA6F0->0x1FFDF0 call@+0x5E, 0x1FA820->0x1FFF20 call@+0x65, 0x1FACA0->0x2003A0 call@+0x98, 0x375840->0x37BEB0 call@+0xB) make the call at the same offset, to 0x1009CF0; no conflicting caller; size 14 vs 14; callees 0/0 ordered; rev-callees 0/0; callers 13/13; identical-caller sites 13 agree; neighbour-delta hint -96 B (hint only)",pass,MAPPED,,functions
77244,id,fork,RELOCATION_ID src/RE/R/Renderer.cpp:72,0xE44570,0x1009D10,XREF,xref:identical-caller,"13 caller(s) whose masked bytes are identical in both images (0x1FA6F0->0x1FFDF0 call@+0xFE, 0x1FA820->0x1FFF20 call@+0xBC, 0x1FACA0->0x2003A0 call@+0x209, 0x375840->0x37BEB0 call@+0x63) make the call at the same offset, to 0x1009D10; no conflicting caller; size 14 vs 14; callees 0/0 ordered; rev-callees 0/0; callers 13/13; identical-caller sites 13 agree; neighbour-delta hint -96 B (hint only)",pass,MAPPED,,functions
77239,id,fork,RELOCATION_ID src/RE/R/Renderer.cpp:79,0xE44050,0x10097F0,UNIQUE-SIG,sig:L1-body,"masked-byte head region (51 B, 47 fixed, 90 insn, function has 5 split regions) hits exactly once in 1.7.104 .text (at 0x10097F0) and exactly once in 1.6.1170 .text; callees 0/0 ordered; rev-callees 0/0; callers 1/1; identical-caller sites 1 agree; neighbour-delta hint +0 B (hint only)",pass,MAPPED,,functions
77235,id,fork,RELOCATION_ID src/RE/R/Renderer.cpp:86,0xE43410,0x1008BA0,XREF,xref:identical-caller,"1 caller(s) whose masked bytes are identical in both images (0x64C880->0x65F270 call@+0xA5) make the call at the same offset, to 0x1008BA0; no conflicting caller; size 29 vs 29; callees 0/0 ordered; rev-callees 0/0; callers 1/1; identical-caller sites 1 agree; neighbour-delta hint -16 B (hint only)",pass,MAPPED,,functions
77233,id,fork,RELOCATION_ID src/RE/R/Renderer.cpp:93,0xE43380,0x1008B10,UNIQUE-SIG,sig:L1-body(short),"masked-byte head region (20 B, 20 fixed, 6 insn) hits exactly once in 1.7.104 .text (at 0x1008B10) and exactly once in 1.6.1170 .text (short body, accepted only because crosscheck passes); callees 0/0 ordered; rev-callees 0/0; callers 2/2; identical-caller sites 2 agree; neighbour-delta hint +0 B (hint only)",pass,MAPPED,,functions
77236,id,fork,RELOCATION_ID src/RE/R/Renderer.cpp:100,0xE43440,0x1008BE0,UNIQUE-SIG,sig:L1-body,"masked-byte head region (87 B, 79 fixed, 27 insn) hits exactly once in 1.7.104 .text (at 0x1008BE0) and exactly once in 1.6.1170 .text; callees 0/0 ordered; rev-callees 0/0; callers 2/2; identical-caller sites 2 agree; neighbour-delta hint +16 B (hint only)",pass,MAPPED,,functions
77238,id,fork,RELOCATION_ID src/RE/R/Renderer.cpp:107,0xE43BC0,0x1009360,UNIQUE-SIG,sig:L1-body,"masked-byte head region (54 B, 50 fixed, 252 insn, function has 7 split regions) hits exactly once in 1.7.104 .text (at 0x1009360) and exactly once in 1.6.1170 .text; callees 3/3 ordered; rev-callees 3/3; callers 1/1; identical-caller sites 1 agree; neighbour-delta hint +0 B (hint only)",pass,MAPPED,,functions
77240,id,fork,RELOCATION_ID src/RE/R/Renderer.cpp:123,0xE441C0,0x1009960,UNIQUE-SIG,sig:L1-body,"masked-byte head region (321 B, 237 fixed, 67 insn) hits exactly once in 1.7.104 .text (at 0x1009960) and exactly once in 1.6.1170 .text; callees 0/0 ordered; rev-callees 0/0; callers 23/23; identical-caller sites 23 agree; neighbour-delta hint +0 B (hint only)",pass,MAPPED,,functions
77228,id,fork,RELOCATION_ID src/RE/R/Renderer.cpp:130,0xE42E10,0x10085A0,UNIQUE-SIG,sig:shape,"instruction-shape (mnemonic+operand kinds, 354 insn) unique among the 92099/93770 indexed functions of AE/1.7 (struct displacements/registers differ); size 1322 vs 1322; callees 3/3 ordered; rev-callees 3/3; callers 1/1; identical-caller sites 1 agree; neighbour-delta hint +0 B (hint only)",pass,MAPPED,,functions
411347,id,fork,RELOCATION_ID src/RE/R/Renderer.cpp:137,0x3286A08,0x3330188,XREF,xref:global,"12 mapped referencing function(s) (12 by identical bytes, 0 by ordinal in identical instruction shape or by a unique local code window; largest 512 insn) read the corresponding rip-relative operand and all agree on 0x3330188; section .data kept; AE has 72 referencing sites",pass,MAPPED,,globals/data
411483,id,fork,RELOCATION_ID src/RE/R/Renderer.cpp:144,0x328CC44,0x33363C4,XREF,xref:global,"12 mapped referencing function(s) (12 by identical bytes, 0 by ordinal in identical instruction shape or by a unique local code window; largest 636 insn) read the corresponding rip-relative operand and all agree on 0x33363C4; section .data kept; AE has 43 referencing sites",pass,MAPPED,,globals/data
411348,id,fork,RELOCATION_ID src/RE/R/Renderer.cpp:150,0x3286A10,0x3330190,XREF,xref:global,"12 mapped referencing function(s) (12 by identical bytes, 0 by ordinal in identical instruction shape or by a unique local code window; largest 512 insn) read the corresponding rip-relative operand and all agree on 0x3330190; section .data kept; AE has 69 referencing sites",pass,MAPPED,,globals/data
411349,id,fork,RELOCATION_ID src/RE/R/Renderer.cpp:156,0x3286A18,0x3330198,XREF,xref:global,"4 mapped referencing function(s) (4 by identical bytes, 0 by ordinal in identical instruction shape or by a unique local code window; largest 234 insn) read the corresponding rip-relative operand and all agree on 0x3330198; section .data kept; AE has 7 referencing sites",pass,MAPPED,,globals/data
40565,id,fork,RELOCATION_ID src/RE/P/PlayerCharacter.cpp:209,0x741B30,0x754790,UNIQUE-SIG,sig:shape,"instruction-shape (mnemonic+operand kinds, 56 insn) unique among the 92099/93770 indexed functions of AE/1.7 (struct displacements/registers differ); size 206 vs 206; callees 6/6 ordered; rev-callees 6/6; callers 1/1; identical-caller sites 1 agree; neighbour-delta hint +0 B (hint only)",pass,MAPPED,,functions
34410,id,fork,RELOCATION_ID src/RE/M/MagicCaster.cpp:19,0x5BC160,0x5CACA0,XREF,xref:identical-caller,"6 caller(s) whose masked bytes are identical in both images (0x5BB9C0->0x5CA500 call@+0xAF, 0x5BBAA0->0x5CA5E0 call@+0x69, 0x5BBD40->0x5CA880 call@+0xE4, 0x5BC010->0x5CAB50 call@+0xF2) make the call at the same offset, to 0x5CACA0; no conflicting caller; size 4233 vs 4249; callees 23/23 ordered; rev-callees 23/23; callers 6/6; identical-caller sites 6 agree; neighbour-delta hint -16 B (hint only)",pass,MAPPED,,functions
34422,id,fork,RELOCATION_ID src/RE/M/MagicCaster.cpp:54,0x5BE6B0,0x5CD200,UNIQUE-SIG,sig:L1-body,"masked-byte head region (90 B, 90 fixed, 22 insn) hits exactly once in 1.7.104 .text (at 0x5CD200) and exactly once in 1.6.1170 .text; callees 0/0 ordered; rev-callees 0/0; callers 2/2; identical-caller sites 2 agree; neighbour-delta hint +0 B (hint only)",pass,MAPPED,,functions
16123,id,fork,RELOCATION_ID src/RE/I/InventoryChanges.cpp:66,0x235EF0,0x23B710,UNIQUE-SIG,sig:L1-body,"masked-byte head region (852 B, 756 fixed, 243 insn) hits exactly once in 1.7.104 .text (at 0x23B710) and exactly once in 1.6.1170 .text; callees 5/5 ordered; rev-callees 5/5; callers 2/2; identical-caller sites 2 agree; neighbour-delta hint +0 B (hint only)",pass,MAPPED,,functions
16118,id,fork,RELOCATION_ID src/RE/I/InventoryChanges.cpp:94,,,UNRESOLVED,,id not in 1.6.1170 library,na,HARD,"tried: (1) present in Address Library 1.6.317,1.6.318,1.6.323,1.6.342,1.6.353,1.6.629,1.6.640,1.6.659, absent in 1.6.1130,1.6.1170,1.6.1179: a retired id, so there is no 1.6.1170 RVA to start the 1.6.1170->1.7.104 ladder from; (2) the fork SE column id is present in the 1.6.1170 library but maps to unrelated code (149 fork pairs with both ids present never share an RVA); (3) no RTTI, string or vtable tie names the function; (4) older libraries give 1.6.317-659 RVAs of binaries we do not hold. Fork use: not checked. Needs a replacement id for this function from the fork owner",functions/globals with no 1.6.1170 row
57231,id,fork,RELOCATION_ID src/RE/H/hkStringPtr.cpp:9,0xA8D420,0xAA77F0,UNIQUE-SIG,sig:L1-body,"masked-byte head region (30 B, 26 fixed, 10 insn) hits exactly once in 1.7.104 .text (at 0xAA77F0) and exactly once in 1.6.1170 .text; callees 1/1 ordered; rev-callees 1/1; callers 57/57; identical-caller sites 152 agree; neighbour-delta hint +0 B (hint only)",pass,MAPPED,,functions
82224,id,fork,RELOCATION_ID src/RE/G/GFxValue.cpp:430,0xFAA240,0xCF4380,UNIQUE-SIG,sig:L1-body,"masked-byte head region (94 B, 78 fixed, 132 insn, function has 3 split regions) hits exactly once in 1.7.104 .text (at 0xCF4380) and exactly once in 1.6.1170 .text; callees 4/4 ordered; rev-callees 4/4; callers 0/0; neighbour-delta hint +0 B (hint only)",pass,MAPPED,,functions
12052,id,fork,RELOCATION_ID src/RE/E/ExtraDataList.cpp:302,0x16D7A0,0x172D30,UNIQUE-SIG,sig:L1-body,"masked-byte head region (191 B, 171 fixed, 54 insn) hits exactly once in 1.7.104 .text (at 0x172D30) and exactly once in 1.6.1170 .text; callees 3/3 ordered; rev-callees 3/3; callers 12/12; identical-caller sites 12 agree; neighbour-delta hint +0 B (hint only)",pass,MAPPED,,functions
68544,id,fork,RELOCATION_ID src/RE/C/ControlMap.cpp:175,0xCD5530,0xCEF980,UNIQUE-SIG,sig:L1-body,"masked-byte head region (274 B, 266 fixed, 77 insn) hits exactly once in 1.7.104 .text (at 0xCEF980) and exactly once in 1.6.1170 .text; callees 1/1 ordered; rev-callees 1/1; callers 19/19; identical-caller sites 19 agree; neighbour-delta hint +0 B (hint only)",pass,MAPPED,,functions
68543,id,fork,RELOCATION_ID src/RE/C/ControlMap.cpp:186,0xCD5450,0xCEF8A0,UNIQUE-SIG,sig:L1-body,"masked-byte head region (210 B, 186 fixed, 53 insn) hits exactly once in 1.7.104 .text (at 0xCEF8A0) and exactly once in 1.6.1170 .text; callees 1/1 ordered; rev-callees 1/1; callers 19/19; identical-caller sites 19 agree; neighbour-delta hint +16 B (hint only)",pass,MAPPED,,functions
67630,id,fork,RELOCATION_ID src/RE/B/BSSoundHandle.cpp:32,0xCAF810,0xCC9990,UNIQUE-SIG,sig:L1-body+block+callee,"masked head region (41 B, 33 fixed) hits 3 times in both images (not unique); of the 1.7 hits exactly one calls the counterpart of an anchored callee that only this AE copy calls, and the same hit sits at the block lock-step delta +106880 B; neighbour-delta hint +0 B (hint only)",pass,MAPPED,,functions
67624,id,fork,RELOCATION_ID src/RE/B/BSSoundHandle.cpp:74,0xCAF660,0xCC97E0,UNIQUE-SIG,sig:L1-body,"masked-byte head region (54 B, 46 fixed, 18 insn) hits exactly once in 1.7.104 .text (at 0xCC97E0) and exactly once in 1.6.1170 .text; callees 1/1 ordered; rev-callees 1/1; callers 6/6; identical-caller sites 6 agree; neighbour-delta hint +0 B (hint only)",pass,MAPPED,,functions
67664,id,fork,RELOCATION_ID src/RE/B/BSAudioManager.cpp:46,0xCB0FF0,0xCCB170,UNIQUE-SIG,sig:L1-body,"masked-byte head region (272 B, 244 fixed, 65 insn) hits exactly once in 1.7.104 .text (at 0xCCB170) and exactly once in 1.6.1170 .text; callees 2/2 ordered; rev-callees 2/2; callers 7/7; identical-caller sites 7 agree; neighbour-delta hint +0 B (hint only)",pass,MAPPED,,functions
37452,id,fork,RELOCATION_ID src/RE/A/Actor.cpp:617,0x6734B0,0x685F70,UNIQUE-SIG,sig:L1-body,"masked-byte head region (63 B, 59 fixed, 16 insn) hits exactly once in 1.7.104 .text (at 0x685F70) and exactly once in 1.6.1170 .text; callees 0/0 ordered; rev-callees 0/0; callers 3/3; identical-caller sites 3 agree; neighbour-delta hint +0 B (hint only)",pass,MAPPED,,functions
37402,id,fork,RELOCATION_ID src/RE/A/Actor.cpp:734,0x66D1A0,0x67FC60,UNIQUE-SIG,sig:L1-body,"masked-byte head region (167 B, 155 fixed, 41 insn) hits exactly once in 1.7.104 .text (at 0x67FC60) and exactly once in 1.6.1170 .text; callees 0/0 ordered; rev-callees 0/0; callers 4/4; identical-caller sites 4 agree; neighbour-delta hint +0 B (hint only)",pass,MAPPED,,functions
37688,id,fork,RELOCATION_ID src/RE/A/Actor.cpp:1009,0x68B470,0x69DF90,UNIQUE-SIG,sig:L1-whole,"whole-function masked bytes (228 B in 5 region(s), ~200 fixed, 58 insn) are identical and occur once among the indexed functions of each image (0x69DF90); callees 4/4 ordered; rev-callees 4/4; callers 1/1; identical-caller sites 1 agree; neighbour-delta hint +0 B (hint only)",pass,MAPPED,,functions
